{"Dx3D1kV0fmrZcE0hu/KzFg==":"exam-800x534.jpg","71gPY2gAjlGoAyhG0hz3FQ==":"teaching2-800x600.jpg","NlbchV7cSmnEpLVZ8sU/Fw==":"teaching1-1622x912.jpg","iLKdOen9TDQRuoDZ/dSP5Q==":"firstday-816x612.jpg","V392X+rNexBAi17G4ZcBRw==":"project-800x534.jpg","h43FQRACe5/H/SwmjcRzqA==":"teaching8:jpg-700x525.jpg","Uu793+m+E3mFdvtukZ7Gng==":"party-1368x912.jpg","Y+Jyx6+aKp7osGRFcT00gQ==":"firstday-816x612.jpeg","4ygK4I+QQbAPIZJxyJLg2Q==":"vijay-191x218.jpg","dTCmv767osTVLcSiXVBpZg==":"om-163x203.jpg","5VW27rtaZwFylncuF+XjTw==":"michael-153x190.jpg","UAc7kepzJPkrSn4uqTRvmw==":"background4.jpg"}